i,ha,u,chi squared,R squared,Mean squared error
1,1.0001498363984382,0.9997122772715282,2.6062152816338535e-09,0.9999999831661441,1.6143776762684292e-05
